date,symbol,open,high,low,close
2021-01-04,ORCL,61.2,62.08,61.04,61.9
2021-01-05,ORCL,62.04,62.86,61.56,62.41
2021-01-06,ORCL,62.76,63.17,61.8,62.3
2021-01-07,ORCL,62.53,63.27,62.17,62.96
2021-01-08,ORCL,62.98,65.04,62.44,64.52
2021-01-11,ORCL,64.35,64.58,64.11,64.3
2021-01-12,ORCL,64.48,65.18,63.5,64.08
2021-01-13,ORCL,64.18,66.49,63.34,65.73
2021-01-14,ORCL,65.96,66.77,65.67,66.56
2021-01-15,ORCL,66.72,67.54,65.29,66.08
2021-01-18,ORCL,66.36,67.16,65.77,66.68
2021-01-19,ORCL,66.53,66.96,65.73,66.2
2021-01-20,ORCL,66.55,66.75,65.32,65.73
2021-01-21,ORCL,65.79,66.53,65.13,66.01
2021-01-22,ORCL,66.56,67.2,63.3,64.01
2021-01-25,ORCL,63.84,64.54,61.72,62.27
2021-01-26,ORCL,62.7,62.87,61.37,61.73
2021-01-27,ORCL,61.78,62.04,60.58,60.75
2021-01-28,ORCL,60.59,61.51,60.22,61.08
2021-01-29,ORCL,60.96,61.4,59.74,60.21
2021-02-01,ORCL,60.14,60.51,58.59,58.87
2021-02-02,ORCL,58.97,60.69,58.67,60.27
2021-02-03,ORCL,60.4,61.1,59.54,60.08
2021-02-04,ORCL,59.94,60.94,59.17,60.16
2021-02-05,ORCL,60.16,60.55,58.39,58.81
2021-02-08,ORCL,59.32,60.0,57.63,58.32
2021-02-09,ORCL,58.73,59.19,58.12,58.45
2021-02-10,ORCL,58.55,59.12,56.88,57.39
2021-02-11,ORCL,57.4,58.18,57.01,57.76
2021-02-12,ORCL,57.78,58.28,56.74,57.22
2021-02-15,ORCL,57.36,57.97,56.32,56.97
2021-02-16,ORCL,56.74,57.24,56.01,56.44
2021-02-17,ORCL,56.39,58.59,55.89,58.14
2021-02-18,ORCL,57.75,58.68,57.19,58.15
2021-02-19,ORCL,58.24,58.52,56.8,57.18
2021-02-22,ORCL,57.33,58.68,56.74,57.95
2021-02-23,ORCL,57.84,58.27,56.32,56.84
2021-02-24,ORCL,57.2,57.72,56.56,57.05
2021-02-25,ORCL,56.77,57.25,54.76,55.28
2021-02-26,ORCL,54.96,55.42,53.54,54.13
2021-03-01,ORCL,54.18,54.56,53.95,54.32
2021-03-02,ORCL,54.54,55.56,54.11,54.98
2021-03-03,ORCL,55.35,55.59,54.78,55.15
2021-03-04,ORCL,55.05,55.53,54.46,55.07
2021-03-05,ORCL,55.3,55.99,54.22,54.82
2021-03-08,ORCL,54.81,55.31,53.05,53.54
2021-03-09,ORCL,53.5,53.97,52.5,52.94
2021-03-10,ORCL,53.13,53.58,52.18,52.57
2021-03-11,ORCL,52.71,53.75,52.45,53.48
2021-03-12,ORCL,53.14,54.37,52.57,53.79
2021-03-15,ORCL,54.11,54.39,51.92,52.29
2021-03-16,ORCL,52.58,53.01,52.22,52.58
2021-03-17,ORCL,52.45,52.75,51.97,52.28
2021-03-18,ORCL,52.36,52.66,51.52,51.73
2021-03-19,ORCL,51.83,52.65,51.43,52.25
2021-03-22,ORCL,52.31,53.39,52.02,53.13
2021-03-23,ORCL,53.02,54.42,52.4,53.94
2021-03-24,ORCL,53.8,54.1,52.92,53.24
2021-03-25,ORCL,53.23,53.39,52.73,52.99
2021-03-26,ORCL,53.24,53.66,52.73,53.29
2021-03-29,ORCL,53.41,54.45,53.1,54.14
2021-03-30,ORCL,54.06,54.35,53.48,53.75
2021-03-31,ORCL,53.91,54.53,52.99,53.61
2021-04-01,ORCL,53.0,53.34,52.47,52.68
2021-04-02,ORCL,52.92,53.5,51.17,51.69
2021-04-05,ORCL,51.33,52.51,51.21,52.38
2021-04-06,ORCL,52.3,53.83,51.99,53.53
2021-04-07,ORCL,53.29,54.09,52.85,53.49
2021-04-08,ORCL,53.21,54.69,52.92,54.37
2021-04-09,ORCL,54.62,54.87,54.4,54.7
2021-04-12,ORCL,54.6,54.99,53.72,54.16
2021-04-13,ORCL,54.23,54.9,53.82,54.49
2021-04-14,ORCL,54.48,56.51,53.94,55.85
2021-04-15,ORCL,55.95,56.25,55.39,55.83
2021-04-16,ORCL,55.85,57.88,55.2,57.25
2021-04-19,ORCL,56.96,57.53,54.2,54.87
2021-04-20,ORCL,55.09,55.97,54.76,55.61
2021-04-21,ORCL,55.5,56.42,54.84,55.71
2021-04-22,ORCL,55.36,55.8,54.88,55.46
2021-04-23,ORCL,55.37,56.16,54.68,55.56
2021-04-26,ORCL,55.9,56.05,53.6,53.82
2021-04-27,ORCL,54.0,54.59,53.14,53.65
2021-04-28,ORCL,53.57,54.46,53.11,53.97
2021-04-29,ORCL,53.9,55.69,53.51,55.27
2021-04-30,ORCL,55.2,55.75,54.41,54.83
2021-05-03,ORCL,55.28,55.74,53.66,54.14
2021-05-04,ORCL,54.22,54.43,53.44,53.72
2021-05-05,ORCL,53.81,54.79,53.45,54.53
2021-05-06,ORCL,54.75,55.28,54.3,54.83
2021-05-07,ORCL,54.89,55.4,53.78,54.39
2021-05-10,ORCL,54.33,55.59,53.73,54.85
2021-05-11,ORCL,54.81,55.41,54.22,54.96
2021-05-12,ORCL,54.94,56.43,54.25,55.83
2021-05-13,ORCL,55.82,56.29,54.62,55.22
2021-05-14,ORCL,55.38,55.68,54.5,54.95
2021-05-17,ORCL,54.96,55.32,54.4,54.63
2021-05-18,ORCL,54.79,55.34,52.74,53.37
2021-05-19,ORCL,53.35,54.12,52.94,53.64
2021-05-20,ORCL,53.65,54.17,53.38,53.88
2021-05-21,ORCL,53.45,54.2,53.03,53.9
2021-05-24,ORCL,54.1,54.73,53.06,53.72
2021-05-25,ORCL,53.79,54.21,52.15,52.52
2021-05-26,ORCL,52.73,53.15,51.72,52.19
2021-05-27,ORCL,51.58,52.42,51.26,51.92
2021-05-28,ORCL,52.35,52.71,51.07,51.27
2021-05-31,ORCL,51.24,51.58,50.76,51.16
2021-06-01,ORCL,51.38,51.93,51.03,51.5
2021-06-02,ORCL,51.29,53.24,50.99,53.08
2021-06-03,ORCL,53.21,53.68,52.69,53.24
2021-06-04,ORCL,53.02,53.81,52.7,53.48
2021-06-07,ORCL,53.35,53.97,52.71,53.44
2021-06-08,ORCL,53.85,54.43,51.25,51.82
2021-06-09,ORCL,51.78,52.13,51.55,51.81
2021-06-10,ORCL,51.86,52.45,51.33,51.88
2021-06-11,ORCL,52.06,54.36,51.65,53.94
2021-06-14,ORCL,54.05,54.65,53.18,53.8
2021-06-15,ORCL,53.83,54.29,53.53,54.07
2021-06-16,ORCL,54.15,54.56,53.48,54.06
2021-06-17,ORCL,54.58,55.08,52.53,53.07
2021-06-18,ORCL,53.06,54.39,52.68,54.06
2021-06-21,ORCL,54.1,55.08,53.91,54.73
2021-06-22,ORCL,54.96,55.88,54.38,55.44
2021-06-23,ORCL,55.69,56.13,54.08,54.65
2021-06-24,ORCL,54.91,56.25,54.51,55.9
2021-06-25,ORCL,56.04,56.5,54.19,54.67
2021-06-28,ORCL,54.42,55.49,53.94,55.2
2021-06-29,ORCL,55.56,57.76,54.97,57.15
2021-06-30,ORCL,56.89,57.12,56.04,56.27
2021-07-01,ORCL,56.33,56.99,55.18,55.78
2021-07-02,ORCL,55.61,56.19,55.17,55.88
2021-07-05,ORCL,55.87,56.18,55.17,55.45
2021-07-06,ORCL,55.53,55.75,53.76,54.1
2021-07-07,ORCL,54.17,54.51,53.86,54.18
2021-07-08,ORCL,54.27,54.68,52.81,53.27
2021-07-09,ORCL,53.62,54.08,53.34,53.7
2021-07-12,ORCL,53.79,54.29,52.41,52.92
2021-07-13,ORCL,52.87,54.54,52.56,54.26
2021-07-14,ORCL,54.46,54.79,53.26,53.59
2021-07-15,ORCL,53.85,54.25,52.92,53.34
2021-07-16,ORCL,53.08,54.29,52.88,54.05
2021-07-19,ORCL,54.18,54.54,52.82,53.0
2021-07-20,ORCL,53.15,53.58,52.87,53.22
2021-07-21,ORCL,53.15,54.68,52.72,54.35
2021-07-22,ORCL,54.65,54.94,52.49,52.97
2021-07-23,ORCL,52.94,53.65,52.53,53.14
2021-07-26,ORCL,53.17,53.86,52.74,53.38
2021-07-27,ORCL,53.35,54.35,53.16,54.07
2021-07-28,ORCL,54.07,54.43,52.61,53.02
2021-07-29,ORCL,52.79,53.37,51.32,51.92
2021-07-30,ORCL,51.62,52.7,51.12,52.37
2021-08-02,ORCL,52.7,53.3,52.14,52.64
2021-08-03,ORCL,52.46,53.24,52.12,52.87
2021-08-04,ORCL,52.66,53.81,52.2,53.18
2021-08-05,ORCL,52.72,53.21,51.98,52.62
2021-08-06,ORCL,52.48,53.29,52.11,52.83
2021-08-09,ORCL,52.55,53.76,52.02,53.1
2021-08-10,ORCL,53.45,53.67,52.21,52.51
2021-08-11,ORCL,52.72,54.39,52.48,54.09
2021-08-12,ORCL,53.95,55.18,53.42,54.52
2021-08-13,ORCL,55.01,55.68,52.96,53.5
2021-08-16,ORCL,53.71,54.4,53.39,54.08
2021-08-17,ORCL,54.01,54.3,53.0,53.26
2021-08-18,ORCL,52.73,54.13,52.44,53.95
2021-08-19,ORCL,54.44,55.42,54.07,54.97
2021-08-20,ORCL,54.66,55.11,53.73,54.27
2021-08-23,ORCL,53.91,55.62,53.48,55.12
2021-08-24,ORCL,55.35,55.93,55.03,55.5
2021-08-25,ORCL,56.05,56.67,55.6,56.25
2021-08-26,ORCL,56.57,58.33,56.34,57.98
2021-08-27,ORCL,58.11,58.44,57.45,57.77
2021-08-30,ORCL,57.91,58.41,56.55,57.1
2021-08-31,ORCL,57.29,57.87,55.53,56.3
2021-09-01,ORCL,56.48,57.07,55.01,55.59
2021-09-02,ORCL,55.65,55.83,55.21,55.54
2021-09-03,ORCL,55.56,56.45,54.98,55.86
2021-09-06,ORCL,55.85,56.78,55.37,56.13
2021-09-07,ORCL,55.96,57.58,55.45,56.89
2021-09-08,ORCL,56.83,57.29,56.41,56.92
2021-09-09,ORCL,56.54,58.66,56.2,58.27
2021-09-10,ORCL,58.24,58.72,57.78,58.04
2021-09-13,ORCL,57.81,60.76,57.45,60.59
2021-09-14,ORCL,60.32,61.47,59.89,61.22
2021-09-15,ORCL,61.26,61.54,59.98,60.4
2021-09-16,ORCL,60.73,61.24,58.99,59.38
2021-09-17,ORCL,59.6,60.38,59.1,59.86
2021-09-20,ORCL,59.49,60.25,59.13,59.67
2021-09-21,ORCL,59.43,60.63,59.12,60.37
2021-09-22,ORCL,60.6,61.56,59.79,60.85
2021-09-23,ORCL,60.61,61.44,59.93,60.8
2021-09-24,ORCL,60.75,61.36,59.47,60.0
2021-09-27,ORCL,60.13,60.89,57.86,58.56
2021-09-28,ORCL,58.34,58.89,57.72,58.17
2021-09-29,ORCL,58.19,59.74,57.54,58.98
2021-09-30,ORCL,58.67,59.5,58.37,59.21
2021-10-01,ORCL,59.06,59.57,57.6,58.05
2021-10-04,ORCL,58.12,58.64,57.88,58.23
2021-10-05,ORCL,57.86,59.0,57.64,58.61
2021-10-06,ORCL,58.71,58.91,57.39,57.8
2021-10-07,ORCL,57.8,58.37,57.34,57.96
2021-10-08,ORCL,58.09,58.62,57.55,58.04
2021-10-11,ORCL,58.09,58.63,56.57,57.0
2021-10-12,ORCL,57.31,57.62,57.12,57.34
2021-10-13,ORCL,57.37,58.46,56.79,57.88
2021-10-14,ORCL,57.78,59.53,57.18,58.9
2021-10-15,ORCL,58.93,60.43,58.55,59.91
2021-10-18,ORCL,60.04,60.71,58.08,58.61
2021-10-19,ORCL,58.63,58.94,57.36,57.75
2021-10-20,ORCL,57.76,58.69,57.37,58.25
2021-10-21,ORCL,58.09,59.36,57.35,58.75
2021-10-22,ORCL,58.59,59.56,58.14,59.25
2021-10-25,ORCL,58.92,63.34,58.58,62.93
2021-10-26,ORCL,63.37,64.19,62.6,63.52
2021-10-27,ORCL,63.21,65.31,62.61,64.7
2021-10-28,ORCL,64.52,66.09,64.11,65.71
2021-10-29,ORCL,65.52,66.66,65.19,66.42
2021-11-01,ORCL,66.66,66.99,65.71,66.11
2021-11-02,ORCL,66.03,67.55,65.37,66.93
2021-11-03,ORCL,67.27,67.72,65.69,66.13
2021-11-04,ORCL,65.95,66.28,65.56,65.9
2021-11-05,ORCL,65.98,66.69,64.52,65.41
2021-11-08,ORCL,65.19,66.09,64.57,65.52
2021-11-09,ORCL,66.08,68.36,65.8,67.97
2021-11-10,ORCL,67.65,68.1,65.38,65.96
2021-11-11,ORCL,66.05,67.24,65.46,66.71
2021-11-12,ORCL,66.88,67.2,64.84,65.01
2021-11-15,ORCL,65.12,65.63,64.17,64.55
2021-11-16,ORCL,64.5,66.34,63.89,65.69
2021-11-17,ORCL,65.66,66.35,65.07,65.78
2021-11-18,ORCL,65.79,66.39,64.17,64.67
2021-11-19,ORCL,64.63,65.23,63.39,63.95
2021-11-22,ORCL,64.2,65.04,64.05,64.67
2021-11-23,ORCL,65.24,65.61,63.65,63.94
2021-11-24,ORCL,63.8,64.71,63.38,64.18
2021-11-25,ORCL,63.83,64.72,63.54,64.25
2021-11-26,ORCL,64.23,64.49,63.43,63.6
2021-11-29,ORCL,64.26,66.47,63.65,65.81
2021-11-30,ORCL,65.6,67.16,64.81,66.5
2021-12-01,ORCL,66.94,67.72,63.76,64.37
2021-12-02,ORCL,64.8,65.58,63.91,64.58
2021-12-03,ORCL,64.44,64.72,63.57,63.92
2021-12-06,ORCL,64.07,65.59,63.22,64.82
2021-12-07,ORCL,65.24,65.59,63.56,64.02
2021-12-08,ORCL,63.92,64.57,63.18,63.92
2021-12-09,ORCL,63.87,65.36,63.15,64.46
2021-12-10,ORCL,64.31,65.94,63.79,65.38
2021-12-13,ORCL,65.11,65.77,63.27,64.14
2021-12-14,ORCL,63.98,64.55,63.39,63.82
2021-12-15,ORCL,63.51,63.96,63.03,63.36
2021-12-16,ORCL,63.37,63.72,62.3,62.72
2021-12-17,ORCL,62.53,65.12,62.02,64.51
2021-12-20,ORCL,64.57,65.26,64.36,64.95
2021-12-21,ORCL,64.55,65.03,63.02,63.67
2021-12-22,ORCL,63.75,65.3,63.09,64.62
2021-12-23,ORCL,64.84,67.23,64.45,66.84
2021-12-24,ORCL,66.31,68.62,65.72,67.97
2021-12-27,ORCL,68.07,68.96,65.71,66.34
2021-12-28,ORCL,66.66,67.52,64.98,65.85
2021-12-29,ORCL,65.53,68.12,64.85,67.21
2021-12-30,ORCL,67.66,68.14,65.84,66.47
2021-12-31,ORCL,66.58,67.88,65.78,66.96
2022-01-03,ORCL,66.78,68.48,66.22,67.82
2022-01-04,ORCL,67.8,68.12,66.36,66.84
2022-01-05,ORCL,66.98,67.39,66.34,66.79
2022-01-06,ORCL,66.82,67.35,62.65,63.35
2022-01-07,ORCL,63.49,63.92,62.05,62.34
2022-01-10,ORCL,62.11,62.67,61.45,62.11
2022-01-11,ORCL,62.15,62.66,60.44,60.89
2022-01-12,ORCL,60.55,62.86,60.22,62.5
2022-01-13,ORCL,62.47,62.94,60.51,61.09
2022-01-14,ORCL,60.87,61.51,59.96,60.68
2022-01-17,ORCL,60.51,61.28,59.92,60.83
2022-01-18,ORCL,61.13,62.59,60.81,62.26
2022-01-19,ORCL,62.53,62.86,60.51,60.85
2022-01-20,ORCL,61.0,62.42,60.65,62.0
2022-01-21,ORCL,61.73,62.71,61.08,62.03
2022-01-24,ORCL,61.96,62.28,60.78,61.08
2022-01-25,ORCL,61.38,62.19,60.85,61.55
2022-01-26,ORCL,61.59,62.09,61.26,61.77
2022-01-27,ORCL,62.34,62.68,60.79,61.2
2022-01-28,ORCL,61.3,61.86,60.71,61.29
2022-01-31,ORCL,61.34,61.93,60.29,60.93
2022-02-01,ORCL,60.86,61.35,60.65,61.07
2022-02-02,ORCL,61.1,62.28,60.69,61.73
2022-02-03,ORCL,61.7,63.52,61.43,63.32
2022-02-04,ORCL,63.5,63.97,61.53,62.09
2022-02-07,ORCL,62.33,64.91,61.69,64.23
2022-02-08,ORCL,64.03,64.43,61.9,62.25
2022-02-09,ORCL,61.92,62.48,61.61,62.12
2022-02-10,ORCL,61.66,63.17,61.21,62.72
2022-02-11,ORCL,62.85,63.7,62.24,63.03
2022-02-14,ORCL,62.75,63.61,61.71,62.42
2022-02-15,ORCL,61.88,62.41,61.64,62.24
2022-02-16,ORCL,62.33,63.07,61.26,61.77
2022-02-17,ORCL,62.38,62.87,60.84,61.21
2022-02-18,ORCL,61.2,62.51,60.66,62.06
2022-02-21,ORCL,62.27,62.95,61.53,62.44
2022-02-22,ORCL,62.46,63.16,61.1,61.77
2022-02-23,ORCL,61.74,63.38,61.14,62.68
2022-02-24,ORCL,62.91,63.46,62.45,63.01
2022-02-25,ORCL,62.93,64.33,62.53,63.85
2022-02-28,ORCL,63.92,65.3,63.15,64.51
2022-03-01,ORCL,64.6,65.0,63.39,63.68
2022-03-02,ORCL,63.51,64.11,62.53,63.13
2022-03-03,ORCL,63.38,64.24,63.05,63.91
2022-03-04,ORCL,63.86,65.13,63.15,64.56
2022-03-07,ORCL,64.36,64.84,64.01,64.56
2022-03-08,ORCL,64.69,65.09,64.27,64.7
2022-03-09,ORCL,64.47,66.91,63.78,66.05
2022-03-10,ORCL,66.05,66.41,65.1,65.44
2022-03-11,ORCL,65.44,66.46,65.0,66.04
2022-03-14,ORCL,66.33,66.67,65.56,65.85
2022-03-15,ORCL,65.97,66.27,65.24,65.64
2022-03-16,ORCL,65.64,67.08,65.25,66.82
2022-03-17,ORCL,67.04,68.18,66.57,67.73
2022-03-18,ORCL,68.1,69.47,67.32,68.63
2022-03-21,ORCL,68.78,70.56,68.27,70.09
2022-03-22,ORCL,70.09,70.92,69.4,70.14
2022-03-23,ORCL,69.77,71.47,69.21,70.93
2022-03-24,ORCL,70.62,71.04,70.12,70.6
2022-03-25,ORCL,70.51,71.56,69.87,70.99
2022-03-28,ORCL,70.82,71.42,70.28,70.87
2022-03-29,ORCL,70.81,71.77,70.2,71.0
2022-03-30,ORCL,71.02,72.2,70.55,71.7
2022-03-31,ORCL,71.85,72.22,70.22,70.79
2022-04-01,ORCL,70.77,73.97,70.01,73.18
2022-04-04,ORCL,73.33,74.08,71.3,72.03
2022-04-05,ORCL,72.05,72.75,69.96,70.66
2022-04-06,ORCL,70.1,72.62,69.66,71.99
2022-04-07,ORCL,71.72,73.54,71.04,72.93
2022-04-08,ORCL,72.89,74.23,72.28,73.68
2022-04-11,ORCL,73.33,74.94,72.71,74.45
2022-04-12,ORCL,74.63,75.16,73.98,74.46
2022-04-13,ORCL,74.92,75.59,72.82,73.42
2022-04-14,ORCL,73.77,74.1,73.03,73.53
2022-04-15,ORCL,73.47,73.96,72.36,72.76
2022-04-18,ORCL,73.19,74.79,72.41,73.92
2022-04-19,ORCL,73.97,74.52,73.27,73.77
2022-04-20,ORCL,73.67,73.93,72.59,72.82
2022-04-21,ORCL,72.65,73.09,72.26,72.48
2022-04-22,ORCL,72.39,73.95,71.45,72.98
2022-04-25,ORCL,72.87,73.58,71.81,72.35
2022-04-26,ORCL,72.4,72.96,70.85,71.42
2022-04-27,ORCL,71.47,72.52,70.85,71.72
2022-04-28,ORCL,71.73,72.77,70.91,72.03
2022-04-29,ORCL,72.16,72.71,71.05,71.47
2022-05-02,ORCL,71.81,72.51,70.41,70.96
2022-05-03,ORCL,71.23,72.02,70.47,71.25
2022-05-04,ORCL,70.82,71.46,69.05,69.62
2022-05-05,ORCL,68.91,69.33,67.75,68.08
2022-05-06,ORCL,68.33,69.17,66.69,67.32
2022-05-09,ORCL,66.95,67.58,66.49,67.11
2022-05-10,ORCL,67.05,67.98,66.69,67.47
2022-05-11,ORCL,67.15,69.61,66.77,69.09
2022-05-12,ORCL,68.59,70.46,68.18,70.06
2022-05-13,ORCL,70.21,70.54,69.69,69.9
2022-05-16,ORCL,70.12,70.79,69.2,69.91
2022-05-17,ORCL,69.74,70.14,68.64,68.81
2022-05-18,ORCL,68.1,69.25,67.65,68.81
2022-05-19,ORCL,68.66,69.32,67.84,68.52
2022-05-20,ORCL,68.63,69.2,68.42,68.9
2022-05-23,ORCL,68.49,69.3,67.08,68.01
2022-05-24,ORCL,68.06,68.94,67.74,68.6
2022-05-25,ORCL,68.59,70.78,68.09,70.3
2022-05-26,ORCL,70.47,70.87,69.74,70.21
2022-05-27,ORCL,70.24,70.97,69.72,70.68
2022-05-30,ORCL,70.41,71.71,70.11,71.49
2022-05-31,ORCL,71.83,72.39,70.35,71.05
2022-06-01,ORCL,71.01,72.31,70.26,71.33
2022-06-02,ORCL,71.33,71.92,71.01,71.37
2022-06-03,ORCL,71.11,72.15,70.33,71.51
2022-06-06,ORCL,71.38,72.16,70.0,70.65
2022-06-07,ORCL,70.4,71.42,69.68,70.7
2022-06-08,ORCL,70.65,71.87,70.06,71.29
2022-06-09,ORCL,71.78,73.53,71.36,72.97
2022-06-10,ORCL,72.57,74.74,71.96,74.12
2022-06-13,ORCL,73.64,77.41,72.86,76.7
2022-06-14,ORCL,77.15,78.05,74.95,75.78
2022-06-15,ORCL,75.72,77.21,75.19,76.86
2022-06-16,ORCL,76.66,77.81,76.26,77.12
2022-06-17,ORCL,77.44,80.59,76.65,79.85
2022-06-20,ORCL,79.65,80.52,78.03,78.84
2022-06-21,ORCL,79.42,80.41,76.97,77.81
2022-06-22,ORCL,78.02,78.86,76.24,77.09
2022-06-23,ORCL,76.94,77.37,73.84,74.5
2022-06-24,ORCL,75.14,75.93,73.28,73.9
2022-06-27,ORCL,73.72,74.31,72.39,73.03
2022-06-28,ORCL,73.24,73.62,72.75,73.23
2022-06-29,ORCL,73.31,74.19,72.72,73.65
2022-06-30,ORCL,74.04,76.57,73.32,75.89
2022-07-01,ORCL,76.36,77.5,76.0,77.07
2022-07-04,ORCL,77.08,77.85,75.48,76.39
2022-07-05,ORCL,76.16,76.71,74.64,75.31
2022-07-06,ORCL,75.45,76.72,74.5,75.93
2022-07-07,ORCL,75.73,76.03,73.94,74.36
2022-07-08,ORCL,74.96,77.11,74.54,76.56
2022-07-11,ORCL,76.6,78.85,75.95,78.03
2022-07-12,ORCL,77.92,78.29,76.87,77.47
2022-07-13,ORCL,77.53,78.25,74.69,75.38
2022-07-14,ORCL,74.97,77.69,74.13,77.04
2022-07-15,ORCL,76.74,77.15,76.23,76.92
2022-07-18,ORCL,77.29,79.16,76.63,78.47
2022-07-19,ORCL,78.27,78.93,75.81,76.5
2022-07-20,ORCL,76.18,76.61,75.17,75.79
2022-07-21,ORCL,75.95,76.75,74.85,75.82
2022-07-22,ORCL,76.18,76.85,75.14,75.91
2022-07-25,ORCL,76.13,76.96,74.8,75.39
2022-07-26,ORCL,75.69,77.05,74.98,76.17
2022-07-27,ORCL,75.94,76.41,74.26,74.89
2022-07-28,ORCL,74.47,75.52,73.64,74.75
2022-07-29,ORCL,75.2,76.03,74.13,74.92
2022-08-01,ORCL,74.82,76.43,74.13,75.56
2022-08-02,ORCL,75.48,77.26,74.62,76.45
2022-08-03,ORCL,76.85,77.19,74.73,75.1
2022-08-04,ORCL,75.27,75.91,72.44,73.28
2022-08-05,ORCL,73.41,75.24,72.99,74.8
2022-08-08,ORCL,75.45,75.93,74.81,75.23
2022-08-09,ORCL,75.04,75.4,73.92,74.35
2022-08-10,ORCL,74.63,77.15,73.68,76.23
2022-08-11,ORCL,76.24,77.07,75.42,76.39
2022-08-12,ORCL,76.48,78.7,75.83,77.86
2022-08-15,ORCL,78.34,79.05,77.06,77.97
2022-08-16,ORCL,78.13,81.11,77.4,80.57
2022-08-17,ORCL,80.74,83.85,79.67,82.86
2022-08-18,ORCL,83.22,83.85,81.93,82.56
2022-08-19,ORCL,82.44,84.62,81.87,83.87
2022-08-22,ORCL,83.59,85.23,83.02,84.77
2022-08-23,ORCL,84.41,87.47,83.54,86.65
2022-08-24,ORCL,85.97,86.9,84.44,85.35
2022-08-25,ORCL,86.05,86.85,85.53,86.31
2022-08-26,ORCL,85.93,88.32,85.59,87.81
2022-08-29,ORCL,87.73,88.63,84.58,85.37
2022-08-30,ORCL,85.27,85.64,83.54,83.78
2022-08-31,ORCL,83.88,84.54,80.46,81.08
2022-09-01,ORCL,81.34,82.27,79.95,80.75
2022-09-02,ORCL,81.03,82.43,80.27,81.71
2022-09-05,ORCL,81.52,84.3,81.12,83.7
2022-09-06,ORCL,83.65,84.55,82.79,83.83
2022-09-07,ORCL,83.93,86.86,82.93,86.04
2022-09-08,ORCL,85.96,86.79,83.45,84.17
2022-09-09,ORCL,84.72,85.86,81.06,81.91
2022-09-12,ORCL,82.07,82.3,81.43,81.87
2022-09-13,ORCL,82.11,83.04,81.41,82.4
2022-09-14,ORCL,82.62,83.37,81.51,82.38
2022-09-15,ORCL,82.77,83.8,78.73,79.69
2022-09-16,ORCL,79.74,80.05,79.02,79.6
2022-09-19,ORCL,79.19,79.92,77.14,77.97
2022-09-20,ORCL,78.09,79.58,77.48,78.83
2022-09-21,ORCL,78.63,79.75,78.02,79.32
2022-09-22,ORCL,79.15,79.55,77.9,78.16
2022-09-23,ORCL,78.34,79.18,76.57,77.54
2022-09-26,ORCL,77.92,78.28,75.97,76.25
2022-09-27,ORCL,76.26,76.72,75.76,76.2
2022-09-28,ORCL,76.3,77.89,75.72,77.39
2022-09-29,ORCL,77.92,78.67,75.34,76.2
2022-09-30,ORCL,76.27,77.59,75.59,76.84
2022-10-03,ORCL,77.64,78.54,75.44,76.22
2022-10-04,ORCL,76.39,76.93,74.72,75.28
2022-10-05,ORCL,74.75,75.75,74.12,75.17
2022-10-06,ORCL,75.4,75.94,73.21,73.96
2022-10-07,ORCL,74.07,74.79,72.67,73.33
2022-10-10,ORCL,73.7,74.49,71.06,71.95
2022-10-11,ORCL,72.14,74.51,71.74,74.23
2022-10-12,ORCL,74.19,75.05,73.59,74.3
2022-10-13,ORCL,73.94,74.13,73.19,73.5
2022-10-14,ORCL,73.43,74.25,72.92,73.77
2022-10-17,ORCL,73.52,74.1,73.0,73.67
2022-10-18,ORCL,73.5,74.03,72.95,73.43
2022-10-19,ORCL,73.6,74.59,73.06,74.18
2022-10-20,ORCL,74.67,75.82,74.1,75.1
2022-10-21,ORCL,75.22,75.65,74.08,74.49
2022-10-24,ORCL,74.14,74.98,73.24,73.83
2022-10-25,ORCL,73.96,74.62,73.05,73.53
2022-10-26,ORCL,73.89,74.16,70.51,70.85
2022-10-27,ORCL,70.68,71.33,68.35,69.16
2022-10-28,ORCL,69.12,71.11,68.64,70.69
2022-10-31,ORCL,70.7,73.05,70.19,72.58
2022-11-01,ORCL,72.35,73.09,71.5,72.32
2022-11-02,ORCL,72.5,73.59,71.96,73.01
2022-11-03,ORCL,72.97,73.78,72.52,73.4
2022-11-04,ORCL,73.52,77.68,73.0,77.04
2022-11-07,ORCL,76.77,79.32,75.95,78.45
2022-11-08,ORCL,78.31,78.92,77.73,78.31
2022-11-09,ORCL,78.54,79.35,76.35,77.14
2022-11-10,ORCL,77.03,77.68,74.62,75.19
2022-11-11,ORCL,75.71,76.18,75.1,75.46
2022-11-14,ORCL,75.34,75.82,74.01,74.57
2022-11-15,ORCL,74.64,75.26,72.15,72.9
2022-11-16,ORCL,73.17,73.67,71.8,72.17
2022-11-17,ORCL,71.76,72.11,70.6,70.95
2022-11-18,ORCL,70.45,73.48,70.05,72.89
2022-11-21,ORCL,72.44,74.64,71.87,73.94
2022-11-22,ORCL,74.32,75.29,72.95,73.96
2022-11-23,ORCL,73.8,76.13,73.39,75.74
2022-11-24,ORCL,76.51,77.16,75.11,75.86
2022-11-25,ORCL,75.68,76.21,74.35,74.84
2022-11-28,ORCL,74.89,77.53,73.99,76.69
2022-11-29,ORCL,77.16,77.75,76.88,77.38
2022-11-30,ORCL,78.0,78.6,75.52,76.12
2022-12-01,ORCL,76.75,77.48,75.13,75.91
2022-12-02,ORCL,76.28,76.99,74.13,74.88
2022-12-05,ORCL,75.18,75.69,72.71,73.25
2022-12-06,ORCL,73.42,74.88,72.91,74.36
2022-12-07,ORCL,74.59,77.31,74.1,76.65
2022-12-08,ORCL,76.49,76.86,74.5,74.97
2022-12-09,ORCL,74.72,76.23,74.39,75.67
2022-12-12,ORCL,75.67,76.32,74.23,74.91
2022-12-13,ORCL,74.86,75.41,73.99,74.35
2022-12-14,ORCL,74.21,74.7,73.33,73.67
2022-12-15,ORCL,73.88,74.64,72.02,72.68
2022-12-16,ORCL,72.96,73.67,71.86,72.76
2022-12-19,ORCL,72.78,73.52,71.2,71.82
2022-12-20,ORCL,72.24,72.44,71.88,72.15
2022-12-21,ORCL,71.82,72.57,71.48,72.12
2022-12-22,ORCL,72.06,73.05,71.08,71.87
2022-12-23,ORCL,71.66,72.06,70.28,70.85
2022-12-26,ORCL,70.32,70.57,69.77,70.22
2022-12-27,ORCL,70.2,71.8,69.58,71.1
2022-12-28,ORCL,71.06,72.26,70.47,71.69
2022-12-29,ORCL,72.12,72.89,69.88,70.59
2022-12-30,ORCL,70.77,71.09,70.43,70.73
2023-01-02,ORCL,70.44,71.79,70.16,71.61
2023-01-03,ORCL,72.14,73.12,68.95,69.72
2023-01-04,ORCL,70.06,70.82,69.52,70.35
2023-01-05,ORCL,70.51,71.28,69.11,69.63
2023-01-06,ORCL,69.56,70.92,68.88,70.29
2023-01-09,ORCL,70.02,70.69,68.77,69.45
2023-01-10,ORCL,69.35,69.83,67.04,67.47
2023-01-11,ORCL,67.77,68.21,65.44,65.74
2023-01-12,ORCL,66.23,66.87,65.11,65.81
2023-01-13,ORCL,66.22,66.96,65.38,66.11
2023-01-16,ORCL,65.98,66.73,64.39,65.18
2023-01-17,ORCL,64.88,66.13,64.64,65.86
2023-01-18,ORCL,65.9,66.32,63.81,64.14
2023-01-19,ORCL,63.68,64.76,62.97,64.09
2023-01-20,ORCL,64.17,64.86,62.36,62.87
2023-01-23,ORCL,62.84,63.46,61.65,62.24
2023-01-24,ORCL,62.12,62.69,61.69,62.31
2023-01-25,ORCL,61.91,62.51,61.0,61.47
2023-01-26,ORCL,61.6,62.12,60.6,61.11
2023-01-27,ORCL,60.98,62.6,60.41,62.12
2023-01-30,ORCL,61.83,62.19,61.06,61.57
2023-01-31,ORCL,60.86,62.7,60.72,62.41
2023-02-01,ORCL,62.41,63.04,60.76,61.31
2023-02-02,ORCL,61.74,62.11,61.46,61.85
2023-02-03,ORCL,62.26,63.84,61.9,63.3
2023-02-06,ORCL,63.18,63.88,60.22,60.82
2023-02-07,ORCL,60.67,61.1,59.55,60.06
2023-02-08,ORCL,60.17,61.39,59.62,60.64
2023-02-09,ORCL,60.39,60.75,60.17,60.46
2023-02-10,ORCL,60.53,61.4,59.98,60.84
2023-02-13,ORCL,61.03,61.63,59.48,60.27
2023-02-14,ORCL,60.57,60.76,60.15,60.38
2023-02-15,ORCL,60.35,60.54,60.02,60.25
2023-02-16,ORCL,60.2,61.74,59.86,61.4
2023-02-17,ORCL,61.18,61.99,60.9,61.67
2023-02-20,ORCL,61.46,62.62,60.83,62.02
2023-02-21,ORCL,61.97,62.68,60.92,61.64
2023-02-22,ORCL,61.73,62.11,60.76,61.18
2023-02-23,ORCL,61.4,61.72,60.45,60.77
2023-02-24,ORCL,60.58,61.68,60.22,61.18
2023-02-27,ORCL,61.54,62.26,60.23,60.79
2023-02-28,ORCL,60.72,61.23,60.57,61.09
2023-03-01,ORCL,61.09,63.79,60.49,63.14
2023-03-02,ORCL,62.95,64.64,62.28,64.04
2023-03-03,ORCL,63.42,64.33,62.73,63.73
2023-03-06,ORCL,63.96,65.37,63.49,64.98
2023-03-07,ORCL,65.17,65.69,63.93,64.58
2023-03-08,ORCL,64.51,64.7,62.15,62.49
2023-03-09,ORCL,62.51,62.89,61.22,61.51
2023-03-10,ORCL,61.64,62.28,59.0,59.69
2023-03-13,ORCL,59.32,60.06,58.74,59.37
2023-03-14,ORCL,59.25,59.63,59.01,59.41
2023-03-15,ORCL,59.6,61.31,59.18,61.03
2023-03-16,ORCL,60.72,61.77,60.43,61.37
2023-03-17,ORCL,61.44,61.77,60.84,61.17
2023-03-20,ORCL,60.84,62.38,60.38,62.01
2023-03-21,ORCL,62.12,62.45,59.67,59.84
2023-03-22,ORCL,59.83,60.64,59.37,60.08
2023-03-23,ORCL,59.69,61.52,59.01,60.84
2023-03-24,ORCL,61.13,61.71,58.87,59.43
2023-03-27,ORCL,59.25,61.15,58.68,60.53
2023-03-28,ORCL,60.34,61.28,60.12,60.88
2023-03-29,ORCL,60.93,61.59,59.84,60.5
2023-03-30,ORCL,60.78,61.67,60.04,61.13
2023-03-31,ORCL,60.88,63.98,60.24,63.38
2023-04-03,ORCL,63.39,64.18,62.72,63.58
2023-04-04,ORCL,63.69,64.63,63.06,63.86
2023-04-05,ORCL,64.03,64.6,63.0,63.41
2023-04-06,ORCL,63.45,63.83,62.1,62.57
2023-04-07,ORCL,62.48,63.87,61.95,63.42
2023-04-10,ORCL,63.21,63.9,61.93,62.58
2023-04-11,ORCL,62.6,63.25,62.08,62.67
2023-04-12,ORCL,62.4,62.95,61.66,62.21
2023-04-13,ORCL,61.49,63.01,61.1,62.71
2023-04-14,ORCL,62.82,63.47,62.37,63.07
2023-04-17,ORCL,63.3,64.77,62.67,64.14
2023-04-18,ORCL,63.53,64.09,62.96,63.64
2023-04-19,ORCL,63.38,64.0,62.79,63.38
2023-04-20,ORCL,63.54,64.04,62.05,62.41
2023-04-21,ORCL,62.93,63.4,61.47,61.99
2023-04-24,ORCL,62.0,62.99,61.27,62.39
2023-04-25,ORCL,62.21,63.73,61.53,63.17
2023-04-26,ORCL,63.12,63.83,61.58,62.26
2023-04-27,ORCL,62.6,63.7,62.21,63.14
2023-04-28,ORCL,62.98,65.02,62.46,64.54
2023-05-01,ORCL,64.33,65.24,64.02,64.98
2023-05-02,ORCL,64.86,67.66,64.13,66.96
2023-05-03,ORCL,66.7,67.16,65.59,66.15
2023-05-04,ORCL,66.19,66.62,64.33,64.86
2023-05-05,ORCL,65.28,65.75,62.51,63.04
2023-05-08,ORCL,63.12,65.32,62.47,64.57
2023-05-09,ORCL,64.5,65.65,64.14,65.27
2023-05-10,ORCL,65.19,66.04,64.51,65.23
2023-05-11,ORCL,64.82,65.98,64.48,65.55
2023-05-12,ORCL,65.78,66.28,63.87,64.39
2023-05-15,ORCL,64.37,67.1,64.22,66.93
2023-05-16,ORCL,66.88,67.54,66.5,67.09
2023-05-17,ORCL,67.95,68.46,66.7,67.23
2023-05-18,ORCL,67.31,68.37,67.11,68.04
2023-05-19,ORCL,67.83,69.1,67.16,68.58
2023-05-22,ORCL,68.47,69.57,67.77,68.85
2023-05-23,ORCL,69.17,69.39,67.78,68.01
2023-05-24,ORCL,68.04,69.19,67.43,68.54
2023-05-25,ORCL,68.15,71.03,67.58,70.63
2023-05-26,ORCL,70.89,72.75,70.26,72.18
2023-05-29,ORCL,71.98,74.64,71.53,74.04
2023-05-30,ORCL,74.6,74.97,73.22,73.46
2023-05-31,ORCL,73.78,74.18,72.08,72.33
2023-06-01,ORCL,72.2,72.64,71.88,72.21
2023-06-02,ORCL,72.58,73.12,71.81,72.29
2023-06-05,ORCL,72.31,74.3,71.53,73.59
2023-06-06,ORCL,73.84,74.75,70.95,71.62
2023-06-07,ORCL,71.76,74.12,70.99,73.4
2023-06-08,ORCL,73.15,73.87,72.34,73.24
2023-06-09,ORCL,73.05,73.38,72.44,72.76
2023-06-12,ORCL,73.06,73.57,71.06,71.61
2023-06-13,ORCL,71.51,72.03,69.39,69.74
2023-06-14,ORCL,69.63,71.05,69.09,70.68
2023-06-15,ORCL,70.41,71.26,69.77,70.79
2023-06-16,ORCL,70.91,71.53,68.66,69.35
2023-06-19,ORCL,69.92,70.3,67.43,67.94
2023-06-20,ORCL,67.65,68.13,67.17,67.6
2023-06-21,ORCL,67.61,70.22,66.77,69.43
2023-06-22,ORCL,69.82,70.6,68.51,69.16
2023-06-23,ORCL,69.14,69.66,67.13,67.52
2023-06-26,ORCL,67.65,68.51,66.47,67.28
2023-06-27,ORCL,67.0,67.79,66.15,67.01
2023-06-28,ORCL,67.13,67.63,63.61,64.14
2023-06-29,ORCL,64.1,64.58,63.73,64.11
2023-06-30,ORCL,64.36,64.8,63.31,63.9
2023-07-03,ORCL,64.2,65.25,63.4,64.63
2023-07-04,ORCL,65.3,67.24,64.7,66.57
2023-07-05,ORCL,66.72,68.1,66.43,67.79
2023-07-06,ORCL,67.88,68.39,67.1,67.52
2023-07-07,ORCL,67.57,68.24,65.84,66.35
2023-07-10,ORCL,66.25,69.57,65.6,69.1
2023-07-11,ORCL,69.2,69.48,68.77,69.19
2023-07-12,ORCL,69.11,70.12,68.3,69.23
2023-07-13,ORCL,69.28,69.82,68.45,69.23
2023-07-14,ORCL,69.6,70.34,68.77,69.47
2023-07-17,ORCL,69.19,70.12,68.36,69.34
2023-07-18,ORCL,69.65,70.36,68.06,68.73
2023-07-19,ORCL,69.09,69.49,67.54,68.15
2023-07-20,ORCL,68.12,68.62,67.6,68.14
2023-07-21,ORCL,67.56,67.82,67.08,67.57
2023-07-24,ORCL,67.4,68.06,66.27,66.82
2023-07-25,ORCL,67.17,67.55,66.64,66.96
2023-07-26,ORCL,66.95,67.52,66.0,66.71
2023-07-27,ORCL,66.44,68.77,66.08,68.34
2023-07-28,ORCL,68.2,68.62,65.11,65.46
2023-07-31,ORCL,65.68,66.86,65.35,66.63
2023-08-01,ORCL,66.77,68.25,66.44,67.98
2023-08-02,ORCL,67.92,68.63,65.18,65.75
2023-08-03,ORCL,65.65,66.24,64.88,65.41
2023-08-04,ORCL,65.31,65.79,64.57,65.05
2023-08-07,ORCL,64.81,65.18,63.27,63.6
2023-08-08,ORCL,64.01,64.42,62.62,62.83
2023-08-09,ORCL,62.75,63.09,61.52,61.74
2023-08-10,ORCL,62.04,63.85,61.73,63.49
2023-08-11,ORCL,63.88,65.24,63.28,64.46
2023-08-14,ORCL,64.72,66.15,64.32,65.8
2023-08-15,ORCL,65.69,67.08,65.14,66.58
2023-08-16,ORCL,66.69,67.0,65.18,65.4
2023-08-17,ORCL,65.4,65.69,64.48,64.88
2023-08-18,ORCL,64.64,65.99,64.07,65.41
2023-08-21,ORCL,65.49,66.09,63.6,64.15
2023-08-22,ORCL,63.85,65.26,63.42,64.91
2023-08-23,ORCL,65.21,65.61,64.41,64.68
2023-08-24,ORCL,64.56,64.89,63.85,64.31
2023-08-25,ORCL,64.36,65.4,64.11,65.07
2023-08-28,ORCL,65.14,65.81,64.72,65.55
2023-08-29,ORCL,65.48,66.32,64.4,65.2
2023-08-30,ORCL,65.35,67.08,64.89,66.43
2023-08-31,ORCL,66.3,66.82,64.79,65.3
2023-09-01,ORCL,65.53,66.5,64.93,65.97
2023-09-04,ORCL,65.61,67.09,65.15,66.62
2023-09-05,ORCL,66.65,67.28,65.76,66.31
2023-09-06,ORCL,66.83,67.45,65.94,66.68
2023-09-07,ORCL,66.41,67.03,64.69,65.37
2023-09-08,ORCL,65.19,66.83,64.82,66.36
2023-09-11,ORCL,66.5,66.96,65.58,66.19
2023-09-12,ORCL,66.23,66.62,65.08,65.66
2023-09-13,ORCL,65.75,67.54,65.04,66.78
2023-09-14,ORCL,66.91,67.64,65.46,66.05
2023-09-15,ORCL,66.22,66.73,64.08,64.59
2023-09-18,ORCL,64.87,65.08,62.57,63.0
2023-09-19,ORCL,63.1,64.16,62.5,63.63
2023-09-20,ORCL,63.57,63.89,62.15,62.35
2023-09-21,ORCL,62.52,64.47,62.01,64.12
2023-09-22,ORCL,64.61,64.99,61.7,62.01
2023-09-25,ORCL,61.98,64.45,61.49,63.72
2023-09-26,ORCL,63.47,64.3,63.1,63.95
2023-09-27,ORCL,64.24,64.66,63.44,63.88
2023-09-28,ORCL,63.85,64.53,62.54,63.34
2023-09-29,ORCL,62.79,64.03,62.51,63.77
2023-10-02,ORCL,63.98,64.6,63.16,63.75
2023-10-03,ORCL,63.62,65.36,63.13,64.9
2023-10-04,ORCL,64.88,65.28,64.72,65.04
2023-10-05,ORCL,65.13,65.94,64.33,65.22
2023-10-06,ORCL,65.27,65.55,64.57,64.86
2023-10-09,ORCL,65.05,65.59,64.38,64.83
2023-10-10,ORCL,64.71,65.61,64.17,65.17
2023-10-11,ORCL,65.3,65.98,62.75,63.41
2023-10-12,ORCL,63.34,64.06,61.52,62.06
2023-10-13,ORCL,62.25,63.24,61.95,62.82
2023-10-16,ORCL,62.98,63.39,62.81,63.02
2023-10-17,ORCL,62.78,63.38,62.22,62.85
2023-10-18,ORCL,63.13,63.64,62.3,62.89
2023-10-19,ORCL,62.76,63.97,62.1,63.27
2023-10-20,ORCL,63.47,64.16,62.15,62.74
2023-10-23,ORCL,62.83,63.49,61.4,61.98
2023-10-24,ORCL,62.44,62.89,61.75,62.2
2023-10-25,ORCL,62.14,62.46,60.73,61.25
2023-10-26,ORCL,61.16,62.28,60.57,61.67
2023-10-27,ORCL,61.66,62.05,59.44,60.01
2023-10-30,ORCL,59.94,61.41,59.61,61.02
2023-10-31,ORCL,61.21,62.1,60.63,61.5
2023-11-01,ORCL,61.1,62.35,60.33,61.77
2023-11-02,ORCL,61.51,63.27,61.05,62.77
2023-11-03,ORCL,62.5,64.78,62.16,64.46
2023-11-06,ORCL,64.71,66.1,64.12,65.53
2023-11-07,ORCL,65.98,66.69,63.08,63.62
2023-11-08,ORCL,63.6,64.27,61.75,62.34
2023-11-09,ORCL,62.3,62.73,61.34,61.74
2023-11-10,ORCL,61.76,62.08,61.53,61.79
2023-11-13,ORCL,62.08,62.91,61.47,62.32
2023-11-14,ORCL,62.09,62.55,61.3,61.62
2023-11-15,ORCL,61.68,62.44,61.28,61.83
2023-11-16,ORCL,62.07,62.77,60.32,61.1
2023-11-17,ORCL,61.22,61.45,60.34,60.52
2023-11-20,ORCL,60.57,61.04,58.65,59.18
2023-11-21,ORCL,59.42,59.61,58.04,58.33
2023-11-22,ORCL,57.7,58.09,56.71,57.09
2023-11-23,ORCL,57.24,57.86,55.74,56.22
2023-11-24,ORCL,56.07,57.52,55.59,57.19
2023-11-27,ORCL,56.77,57.55,55.77,56.34
2023-11-28,ORCL,56.45,59.29,55.92,58.73
2023-11-29,ORCL,59.05,59.62,58.57,59.21
2023-11-30,ORCL,59.18,59.83,58.86,59.41
2023-12-01,ORCL,59.64,59.94,58.21,58.61
2023-12-04,ORCL,58.99,59.7,58.59,59.29
2023-12-05,ORCL,59.6,59.91,58.52,58.77
2023-12-06,ORCL,59.15,59.64,58.4,58.9
2023-12-07,ORCL,59.08,61.88,58.53,61.33
2023-12-08,ORCL,61.35,61.9,60.7,61.26
2023-12-11,ORCL,60.87,63.1,60.28,62.41
2023-12-12,ORCL,62.35,62.86,61.03,61.73
2023-12-13,ORCL,61.52,62.06,61.16,61.72
2023-12-14,ORCL,62.25,63.97,61.89,63.49
2023-12-15,ORCL,63.44,63.95,62.3,62.87
2023-12-18,ORCL,62.9,65.29,62.46,64.72
2023-12-19,ORCL,64.86,65.62,64.48,65.47
2023-12-20,ORCL,65.48,66.14,64.32,64.91
2023-12-21,ORCL,65.35,66.26,64.66,65.59
2023-12-22,ORCL,65.42,67.21,64.93,66.63
2023-12-25,ORCL,66.68,67.74,66.44,67.32
2023-12-26,ORCL,67.12,67.84,65.01,65.65
2023-12-27,ORCL,65.3,65.86,64.22,64.91
2023-12-28,ORCL,64.75,65.49,64.12,64.67
2023-12-29,ORCL,64.66,65.43,63.95,64.62
2024-01-01,ORCL,64.51,65.84,63.94,65.28
2024-01-02,ORCL,65.1,66.15,64.66,65.49
2024-01-03,ORCL,65.12,65.35,63.8,64.11
2024-01-04,ORCL,64.09,65.21,63.49,64.53
2024-01-05,ORCL,64.14,65.71,63.63,65.18
2024-01-08,ORCL,65.38,66.34,64.78,65.79
2024-01-09,ORCL,65.81,67.29,65.56,66.95
2024-01-10,ORCL,66.56,68.28,66.24,67.86
2024-01-11,ORCL,67.78,69.12,66.9,68.39
2024-01-12,ORCL,68.18,68.9,67.38,68.33
2024-01-15,ORCL,68.42,69.22,65.84,66.54
2024-01-16,ORCL,66.9,67.81,66.21,67.02
2024-01-17,ORCL,66.52,67.83,65.83,67.27
2024-01-18,ORCL,67.3,68.13,66.81,67.58
2024-01-19,ORCL,67.54,68.28,65.41,66.23
2024-01-22,ORCL,66.41,66.86,64.43,65.1
2024-01-23,ORCL,65.16,66.91,64.68,66.22
2024-01-24,ORCL,66.03,66.64,65.77,66.21
2024-01-25,ORCL,66.12,67.5,65.49,66.95
2024-01-26,ORCL,66.74,67.62,66.08,67.0
2024-01-29,ORCL,67.29,67.79,66.78,67.06
2024-01-30,ORCL,67.07,68.49,66.75,68.09
2024-01-31,ORCL,68.61,69.15,67.13,67.55
2024-02-01,ORCL,67.54,68.12,67.08,67.68
2024-02-02,ORCL,67.49,67.95,66.76,67.2
2024-02-05,ORCL,66.8,67.32,66.13,66.76
2024-02-06,ORCL,66.28,67.18,65.59,66.45
2024-02-07,ORCL,66.03,67.37,65.49,66.71
2024-02-08,ORCL,66.78,67.16,65.85,66.22
2024-02-09,ORCL,66.36,67.92,66.08,67.58
2024-02-12,ORCL,67.15,67.72,66.08,66.63
2024-02-13,ORCL,66.87,67.38,65.86,66.46
2024-02-14,ORCL,66.33,67.05,65.22,66.01
2024-02-15,ORCL,66.05,68.11,65.44,67.57
2024-02-16,ORCL,68.0,68.59,67.07,67.8
2024-02-19,ORCL,68.04,69.4,67.7,68.94
2024-02-20,ORCL,68.87,69.6,66.68,67.33
2024-02-21,ORCL,67.09,68.06,66.63,67.64
2024-02-22,ORCL,67.06,69.34,66.28,68.63
2024-02-23,ORCL,68.43,69.41,67.68,68.74
2024-02-26,ORCL,68.68,70.28,68.2,69.94
2024-02-27,ORCL,69.66,70.07,68.99,69.38
2024-02-28,ORCL,69.35,71.27,68.89,70.97
2024-02-29,ORCL,70.99,74.22,70.41,73.61
2024-03-01,ORCL,73.54,73.88,72.82,73.21
2024-03-04,ORCL,73.02,73.62,72.12,72.71
2024-03-05,ORCL,72.76,74.75,72.33,74.43
2024-03-06,ORCL,74.56,77.01,73.78,76.33
2024-03-07,ORCL,76.0,76.8,74.93,75.72
2024-03-08,ORCL,76.15,76.92,74.38,75.24
2024-03-11,ORCL,75.21,75.93,74.15,74.93
2024-03-12,ORCL,74.93,75.45,72.98,73.34
2024-03-13,ORCL,73.55,73.79,71.86,72.29
2024-03-14,ORCL,72.36,73.05,70.54,71.15
2024-03-15,ORCL,71.42,71.79,69.89,70.3
2024-03-18,ORCL,70.38,70.79,69.76,70.29
2024-03-19,ORCL,70.12,70.9,69.89,70.58
2024-03-20,ORCL,70.68,72.81,70.39,72.35
2024-03-21,ORCL,72.02,72.44,70.88,71.22
2024-03-22,ORCL,71.25,73.18,70.46,72.37
2024-03-25,ORCL,72.36,72.92,71.73,72.15
2024-03-26,ORCL,72.09,72.59,71.34,72.11
2024-03-27,ORCL,72.08,73.12,71.75,72.92
2024-03-28,ORCL,72.37,72.91,70.86,71.63
2024-03-29,ORCL,71.48,72.48,71.11,72.1
2024-04-01,ORCL,72.12,73.14,71.3,72.31
2024-04-02,ORCL,72.36,73.76,71.45,72.91
2024-04-03,ORCL,72.61,73.62,72.11,73.27
2024-04-04,ORCL,73.64,77.17,72.76,76.18
2024-04-05,ORCL,75.91,76.93,74.56,75.43
2024-04-08,ORCL,75.72,76.46,74.14,74.81
2024-04-09,ORCL,74.94,75.62,73.31,74.09
2024-04-10,ORCL,73.9,74.25,73.05,73.46
2024-04-11,ORCL,73.98,74.51,72.0,72.74
2024-04-12,ORCL,72.39,74.37,72.13,74.14
2024-04-15,ORCL,74.42,76.22,73.92,75.86
2024-04-16,ORCL,76.16,77.0,74.15,75.19
2024-04-17,ORCL,74.99,75.44,73.8,74.21
2024-04-18,ORCL,74.63,75.7,73.93,74.8
2024-04-19,ORCL,74.73,75.56,73.28,74.17
2024-04-22,ORCL,74.25,75.89,73.31,74.94
2024-04-23,ORCL,75.02,76.01,74.14,75.21
2024-04-24,ORCL,75.17,75.58,73.03,73.41
2024-04-25,ORCL,73.65,75.6,73.33,75.26
2024-04-26,ORCL,75.5,77.88,74.89,77.45
2024-04-29,ORCL,76.91,77.14,76.4,76.71
2024-04-30,ORCL,77.11,77.49,75.88,76.27
2024-05-01,ORCL,75.76,77.21,75.37,76.64
2024-05-02,ORCL,76.96,77.84,76.31,77.08
2024-05-03,ORCL,77.43,78.58,76.8,77.92
2024-05-06,ORCL,77.58,80.95,77.12,80.45
2024-05-07,ORCL,80.32,80.91,79.57,80.25
2024-05-08,ORCL,79.9,80.31,78.79,79.25
2024-05-09,ORCL,79.19,79.41,77.27,77.53
2024-05-10,ORCL,77.44,78.1,75.97,76.65
2024-05-13,ORCL,76.89,77.73,76.01,76.64
2024-05-14,ORCL,77.04,79.7,76.12,78.87
2024-05-15,ORCL,79.31,79.72,77.93,78.24
2024-05-16,ORCL,78.06,79.33,77.25,78.55
2024-05-17,ORCL,78.48,79.23,77.76,78.56
2024-05-20,ORCL,78.03,80.67,77.21,80.08
2024-05-21,ORCL,79.82,83.96,79.18,83.34
2024-05-22,ORCL,83.66,84.47,81.7,82.66
2024-05-23,ORCL,83.2,84.02,81.26,82.04
2024-05-24,ORCL,81.64,84.23,80.9,83.44
2024-05-27,ORCL,83.25,85.41,82.39,84.38
2024-05-28,ORCL,84.38,87.77,83.47,86.91
2024-05-29,ORCL,87.0,88.56,86.5,87.75
2024-05-30,ORCL,87.47,88.16,86.4,87.28
2024-05-31,ORCL,87.42,88.68,86.72,88.13
2024-06-03,ORCL,87.96,90.19,87.55,89.73
2024-06-04,ORCL,89.72,91.84,88.81,90.93
2024-06-05,ORCL,91.13,92.94,90.26,91.7
2024-06-06,ORCL,91.71,94.27,90.53,93.3
2024-06-07,ORCL,93.14,95.86,92.53,95.08
2024-06-10,ORCL,95.04,98.15,94.36,97.22
2024-06-11,ORCL,97.18,98.71,96.77,98.26
2024-06-12,ORCL,98.11,99.25,96.68,98.03
2024-06-13,ORCL,97.93,99.43,96.94,98.29
2024-06-14,ORCL,98.92,101.34,98.13,100.23
2024-06-17,ORCL,100.45,101.37,97.98,98.95
2024-06-18,ORCL,98.83,100.66,97.83,99.57
2024-06-19,ORCL,99.85,100.66,98.1,98.98
2024-06-20,ORCL,98.85,99.59,98.56,99.06
2024-06-21,ORCL,99.52,101.86,98.85,101.12
2024-06-24,ORCL,101.27,102.45,100.42,101.46
2024-06-25,ORCL,101.42,102.67,100.58,101.57
2024-06-26,ORCL,101.76,102.59,98.74,99.4
2024-06-27,ORCL,98.78,101.93,97.56,100.62
2024-06-28,ORCL,100.17,102.06,99.75,101.7
2024-07-01,ORCL,101.21,106.18,100.46,105.25
2024-07-02,ORCL,105.31,106.16,103.82,104.77
2024-07-03,ORCL,105.5,106.47,103.97,105.17
2024-07-04,ORCL,106.11,107.11,104.47,105.63
2024-07-05,ORCL,105.9,108.96,105.12,108.33
2024-07-08,ORCL,108.55,109.13,107.75,108.21
2024-07-09,ORCL,107.43,109.93,106.64,108.73
2024-07-10,ORCL,108.49,110.63,107.62,109.82
2024-07-11,ORCL,109.48,110.87,108.98,110.19
2024-07-12,ORCL,109.92,110.93,108.38,109.44
2024-07-15,ORCL,109.37,110.5,108.41,109.82
2024-07-16,ORCL,109.61,112.64,108.43,111.74
2024-07-17,ORCL,110.86,112.25,108.62,109.95
2024-07-18,ORCL,110.28,111.04,109.69,110.22
2024-07-19,ORCL,109.75,110.38,108.49,109.02
2024-07-22,ORCL,109.13,112.51,108.09,111.15
2024-07-23,ORCL,112.07,112.93,107.7,108.48
2024-07-24,ORCL,108.08,109.05,106.43,107.54
2024-07-25,ORCL,106.46,109.47,105.53,108.23
2024-07-26,ORCL,108.11,112.13,107.02,110.98
2024-07-29,ORCL,111.47,112.74,109.68,110.9
2024-07-30,ORCL,111.77,112.64,108.96,109.96
2024-07-31,ORCL,109.42,114.24,108.44,113.3
2024-08-01,ORCL,113.53,114.38,110.01,110.72
2024-08-02,ORCL,110.51,110.94,106.17,106.86
2024-08-05,ORCL,106.82,108.57,105.99,107.65
2024-08-06,ORCL,108.79,109.49,106.18,106.83
2024-08-07,ORCL,106.18,107.42,103.83,105.12
2024-08-08,ORCL,105.22,107.14,104.23,106.35
2024-08-09,ORCL,106.54,107.84,105.41,106.8
2024-08-12,ORCL,107.26,107.79,105.26,105.87
2024-08-13,ORCL,105.91,106.32,103.21,103.74
2024-08-14,ORCL,103.87,105.79,103.38,105.22
2024-08-15,ORCL,105.06,107.17,104.11,106.35
2024-08-16,ORCL,106.47,106.87,105.87,106.22
2024-08-19,ORCL,106.08,110.46,105.03,109.4
2024-08-20,ORCL,109.67,110.91,106.35,107.56
2024-08-21,ORCL,107.41,108.72,103.91,104.98
2024-08-22,ORCL,105.13,106.21,102.9,103.85
2024-08-23,ORCL,103.84,104.48,103.29,103.81
2024-08-26,ORCL,104.28,105.41,103.08,104.25
2024-08-27,ORCL,104.23,105.23,102.58,103.89
2024-08-28,ORCL,103.15,104.99,102.55,104.51
2024-08-29,ORCL,105.04,106.04,101.39,102.45
2024-08-30,ORCL,102.08,105.56,101.43,104.85
2024-09-02,ORCL,104.58,105.85,103.68,104.75
2024-09-03,ORCL,104.5,107.85,103.36,106.66
2024-09-04,ORCL,107.25,107.53,106.8,107.28
2024-09-05,ORCL,106.37,109.32,105.26,108.11
2024-09-06,ORCL,109.46,110.35,108.29,109.13
2024-09-09,ORCL,109.59,111.35,108.3,109.95
2024-09-10,ORCL,110.05,111.76,109.28,111.12
2024-09-11,ORCL,111.09,114.79,110.01,113.52
2024-09-12,ORCL,113.65,114.63,113.16,113.92
2024-09-13,ORCL,114.15,115.87,113.56,115.25
2024-09-16,ORCL,115.55,116.06,114.41,115.12
2024-09-17,ORCL,115.38,119.02,113.85,117.82
2024-09-18,ORCL,117.86,119.16,115.26,116.58
2024-09-19,ORCL,116.49,121.31,115.41,119.98
2024-09-20,ORCL,119.91,121.29,118.4,119.95
2024-09-23,ORCL,119.86,120.43,116.55,117.24
2024-09-24,ORCL,117.78,118.8,116.57,117.53
2024-09-25,ORCL,117.8,118.2,115.93,116.29
2024-09-26,ORCL,114.92,118.34,114.2,117.89
2024-09-27,ORCL,118.2,119.06,115.87,116.7
2024-09-30,ORCL,116.79,117.74,114.98,115.91
2024-10-01,ORCL,115.9,116.8,111.69,112.45
2024-10-02,ORCL,112.27,112.85,111.15,111.67
2024-10-03,ORCL,112.17,112.91,106.79,107.38
2024-10-04,ORCL,107.79,108.31,104.35,104.7
2024-10-07,ORCL,104.37,107.36,103.09,106.01
2024-10-08,ORCL,106.18,108.64,105.29,107.38
2024-10-09,ORCL,106.96,109.45,105.73,108.14
2024-10-10,ORCL,107.55,108.22,105.8,106.51
2024-10-11,ORCL,106.24,107.03,105.56,106.47
2024-10-14,ORCL,106.83,107.81,105.55,106.5
2024-10-15,ORCL,106.9,107.5,103.79,104.56
2024-10-16,ORCL,104.77,107.71,103.98,107.11
2024-10-17,ORCL,107.42,109.31,106.94,108.65
2024-10-18,ORCL,108.88,109.46,107.93,108.31
2024-10-21,ORCL,108.03,109.02,107.53,108.39
2024-10-22,ORCL,108.58,109.59,107.67,108.79
2024-10-23,ORCL,109.14,109.98,104.28,105.27
2024-10-24,ORCL,105.59,105.89,104.44,104.89
2024-10-25,ORCL,105.39,105.85,103.36,103.79
2024-10-28,ORCL,104.08,105.18,101.03,102.16
2024-10-29,ORCL,102.3,102.72,101.06,101.74
2024-10-30,ORCL,102.17,105.31,101.35,104.7
2024-10-31,ORCL,104.69,106.92,103.49,105.81
2024-11-01,ORCL,105.44,106.12,104.51,104.88
