<?xml version = '1.0' encoding = 'windows-1252'?>
<project default="copy-apex-export-to-git">

  <!-- = = = = = = = = = = = = = = = = =
          macrodef: replace_slash_with_dash
         = = = = = = = = = = = = = = = = = -->
	<macrodef name="replace_slash_with_dash">
		<attribute name="property.to.process" default="default" />
		<attribute name="output.property" default="default" />
		<sequential>
			<echo message="@{property.to.process}" file="${java.io.tmpdir}/f${appid}_stage/repo_dir_name.tmp" />
			<loadfile property="@{output.property}" srcFile="${java.io.tmpdir}/f${appid}_stage/repo_dir_name.tmp">
				<filterchain>
					<tokenfilter>
						<replaceregex pattern="/" replace="-" flags="g" />
						<replaceregex pattern="\\" replace="-" flags="g" />
					</tokenfilter>
				</filterchain>
			</loadfile>
			<delete file="${java.io.tmpdir}/f${appid}_stage/repo_dir_name.tmp" quiet="true"/>
		</sequential>
	</macrodef>
    
  <target name="copy-apex-export-to-git">
  <delete dir="${java.io.tmpdir}/f${appid}_stage" quiet="true"/>
  <mkdir  dir="${java.io.tmpdir}/f${appid}_stage" />
  <copy todir="${java.io.tmpdir}/f${appid}_stage" quiet="true">
    <fileset dir="${user.home}/utils">
      <include name="apex2git.sql"/>
    </fileset>
    <filterset>
      <filter token="APPID"  value="${appid}"/>
      <filter token="DIR"    value="${java.io.tmpdir}/f${appid}_stage"/>
    </filterset>
  </copy>
  <exec executable="sql" output="${java.io.tmpdir}/f${appid}_stage/f${appid}.log">
    <arg line=" ${connect} @${java.io.tmpdir}/f${appid}_stage/apex2git.sql"/>
  </exec>
 	<replace_slash_with_dash property.to.process="${repodir}" output.property="sql-file-name" />
    <copy file="${java.io.tmpdir}/f${appid}_stage/f${appid}.sql"
          tofile="${user.home}/${repodir}/${sql-file-name}.sql"/>
    <copy todir="${user.home}/${repodir}">
      <fileset dir="${java.io.tmpdir}/f${appid}_stage/f${appid}"/>
    </copy>
    <exec executable="git" dir="${user.home}/${repodir}"
          output="${java.io.tmpdir}/f${appid}_stage/f${appid}.log">
    <arg line="add ."/>
  </exec>
  </target>
</project>
