<?xml version = '1.0' encoding = 'windows-1252'?>
<project default="install-git-apex-export">
  <!-- = = = = = = = = = = = = = = = = =
          macrodef: replace_slash_with_dash
         = = = = = = = = = = = = = = = = = -->
	<macrodef name="replace_slash_with_dash">
		<attribute name="property.to.process" default="default" />
		<attribute name="output.property" default="default" />
		<sequential>
			<echo message="@{property.to.process}" file="${java.io.tmpdir}/f${appid}_stage/repo_dir_name.tmp" />
			<loadfile property="@{output.property}" srcFile="${java.io.tmpdir}/f${appid}_stage/repo_dir_name.tmp">
				<filterchain>
					<tokenfilter>
						<replaceregex pattern="/" replace="-" flags="g" />
						<replaceregex pattern="\\" replace="-" flags="g" />
					</tokenfilter>
				</filterchain>
			</loadfile>
			<delete file="${java.io.tmpdir}/f${appid}_stage/repo_dir_name.tmp" quiet="true"/>
		</sequential>
	</macrodef>  
  <target name="install-git-apex-export">
    <delete dir="${java.io.tmpdir}/f${appid}_stage" quiet="true"/>
    <mkdir  dir="${java.io.tmpdir}/f${appid}_stage"/>
    <replace_slash_with_dash property.to.process="${repodir}" output.property="sql-file-name"/>    
    <copy todir="${java.io.tmpdir}/f${appid}_stage" quiet="true">
      <fileset dir="${user.home}/utils">
        <include name="git2apex.sql"/>
      </fileset>
      <filterset>
        <filter token="APPID"  value="${appid}"/>
        <filter token="DIR"    value="${java.io.tmpdir}/f${appid}_stage"/>
        <filter token="REPODIR"    value="${repodir}"/>
        <filter token="WORKSPACE"    value="${workspace}"/>
      </filterset>
    </copy>
    <copy file="${user.home}/${repodir}/${sql-file-name}.sql"
          tofile="${java.io.tmpdir}/f${appid}_stage/f${appid}.sql"/>
    <exec executable="sql">
      <arg line=" ${connect} @${java.io.tmpdir}/f${appid}_stage/git2apex.sql"/>
    </exec>
  </target>
</project>
